glyph|word|image
Α|alpha|http://www.bunnycup.com/images/DesignSets/collegegreekalphabetappliqueWebimages/collegegreekalphabetapplique1.jpg
Β|beta|http://www.bunnycup.com/images/DesignSets/collegegreekalphabetappliqueWebimages/collegegreekalphabetapplique2.jpg
Γ|gamma|http://www.bunnycup.com/images/DesignSets/collegegreekalphabetappliqueWebimages/collegegreekalphabetapplique7.jpg
Δ|delta|http://www.bunnycup.com/images/DesignSets/collegegreekalphabetappliqueWebimages/collegegreekalphabetapplique4.jpg
Ε|epsilon|http://www.bunnycup.com/images/DesignSets/collegegreekalphabetappliqueWebimages/collegegreekalphabetapplique5.jpg
Ζ|zeta|http://www.bunnycup.com/images/DesignSets/collegegreekalphabetappliqueWebimages/collegegreekalphabetapplique24.jpg
Η|eta|http://www.bunnycup.com/images/DesignSets/collegegreekalphabetappliqueWebimages/collegegreekalphabetapplique8.jpg
Θ|theta|http://www.bunnycup.com/images/DesignSets/collegegreekalphabetappliqueWebimages/collegegreekalphabetapplique16.jpg
Ι|iota|http://www.bunnycup.com/images/DesignSets/collegegreekalphabetappliqueWebimages/collegegreekalphabetapplique9.jpg
Κ|kappa|http://www.bunnycup.com/images/DesignSets/collegegreekalphabetappliqueWebimages/collegegreekalphabetapplique10.jpg
Λ|lambda|http://www.bunnycup.com/images/DesignSets/collegegreekalphabetappliqueWebimages/collegegreekalphabetapplique11.jpg
Μ|mu|http://www.bunnycup.com/images/DesignSets/collegegreekalphabetappliqueWebimages/collegegreekalphabetapplique12.jpg
Ν|nu|http://www.bunnycup.com/images/DesignSets/collegegreekalphabetappliqueWebimages/collegegreekalphabetapplique13.jpg
Ξ|xi|http://www.bunnycup.com/images/DesignSets/collegegreekalphabetappliqueWebimages/collegegreekalphabetapplique22.jpg
Ο|omicron|http://www.bunnycup.com/images/DesignSets/collegegreekalphabetappliqueWebimages/collegegreekalphabetapplique14.jpg
Π|pi|http://www.bunnycup.com/images/DesignSets/collegegreekalphabetappliqueWebimages/collegegreekalphabetapplique15.jpg
Ρ|rho|http://www.bunnycup.com/images/DesignSets/collegegreekalphabetappliqueWebimages/collegegreekalphabetapplique17.jpg
Σ|sigma|http://www.bunnycup.com/images/DesignSets/collegegreekalphabetappliqueWebimages/collegegreekalphabetapplique18.jpg
Τ|tau|http://www.bunnycup.com/images/DesignSets/collegegreekalphabetappliqueWebimages/collegegreekalphabetapplique19.jpg
Υ|upsilon|http://www.bunnycup.com/images/DesignSets/collegegreekalphabetappliqueWebimages/collegegreekalphabetapplique20.jpg
Φ|phi|http://www.bunnycup.com/images/DesignSets/collegegreekalphabetappliqueWebimages/collegegreekalphabetapplique6.jpg
Χ|chi|http://www.bunnycup.com/images/DesignSets/collegegreekalphabetappliqueWebimages/collegegreekalphabetapplique3.jpg
Ψ|psi|http://www.bunnycup.com/images/DesignSets/collegegreekalphabetappliqueWebimages/collegegreekalphabetapplique23.jpg
Ω|omega|http://www.bunnycup.com/images/DesignSets/collegegreekalphabetappliqueWebimages/collegegreekalphabetapplique21.jpg